title,company,location,link
Python Developer Intern,OXO Solutions,"Ruby, SC",https://www.indeed.com/viewjob?jk=84a541c104b5b24c
Python Developer,PROLIM Corporation,"Temple Terrace, FL",https://www.indeed.com/viewjob?jk=6354cd5dc7ebc916
Data Scientist (entry level),Saturn Cloud,Remote,https://www.indeed.com/viewjob?jk=10ce94304e4f3254
Data Researcher,Crowdskout,Utah,https://www.indeed.com/viewjob?jk=88af3f1373c26361
"MACHINE LEARNING ENGINEER - PYTHON, TENSORFLOW",InspiHER Tech,United States,https://www.indeed.com/viewjob?jk=a754b1fae51c41d2
Data Scientist - Analytics,Acorn Analytics,Remote,https://www.indeed.com/viewjob?jk=3d5724ad39c214bb
Software Engineer -Python Developer (Remote or Pittsburgh),Seegrid,Remote,https://www.indeed.com/viewjob?jk=05a5e79b86ab8d77
Python Developer,Anexinet,"Blue Bell, PA",https://www.indeed.com/viewjob?jk=0b86409f0033c509
Python Developer (intermediate),ACS Group,"Columbus, OH",https://www.indeed.com/viewjob?jk=c1daf79b53cc321d
Python Developer Trainee,Cndro,"Houston, TX",https://www.indeed.com/viewjob?jk=0cf2026f52be6bc9
Python Developer,Callsign Media,"Las Vegas, NV",https://www.indeed.com/viewjob?jk=345e22ca6e583be5
Python Developer,Morgan Stanley,"New York, NY",https://www.indeed.com/viewjob?jk=ba732006af3ec051
Python Developer,Sigmaways,"Raleigh, NC",https://www.indeed.com/viewjob?jk=4bf0af9ba10e331a
Quantitative Researcher - Alpha Capture,Kepler Fi,"New York, NY",https://www.indeed.com/viewjob?jk=da1062f7513fc8d8
Jr Python Developer,Global Data Management Inc,"Woodbridge, NJ",https://www.indeed.com/viewjob?jk=24185ea11dee3248
OpenAI Scholars Program: Fall 2020,OpenAI,"San Francisco, CA",https://www.indeed.com/viewjob?jk=685b49e4930a9842
Java / C++ / Python Developers,10Types,"Wilmington, DE",https://www.indeed.com/viewjob?jk=47e2b785d4d0ef49
Quantitative Trader - Entry Level,Avatar Securities,"Chicago, IL",https://www.indeed.com/viewjob?jk=d01efa8dad29efdc
Entry Level Associate Developer: Application Developer,IBM,West Virginia,https://www.indeed.com/viewjob?jk=647312c8a059cb4d
Python Restful API Developer : 20-02259,Akraya Inc.,"Boston, MA",https://www.indeed.com/viewjob?jk=858c09088e019eb1
PYTHON DEVELOPER,Pythonwise,"Seattle, WA",https://www.indeed.com/viewjob?jk=1a20a1c56fb7df73
Entry Level - Associate Data Scientist,IBM,United States,https://www.indeed.com/viewjob?jk=ea78d3941ea548cc
Penetration Testing Trainee (Remote USA),BreachLock,"Florida, NY",https://www.indeed.com/viewjob?jk=487b30db63184515
Associate Data Scientist (Entry Level),IBM,California,https://www.indeed.com/viewjob?jk=b34da1c84534b238
Junior Developer - Python,Akuna Capital,"Chicago, IL",https://www.indeed.com/viewjob?jk=0b2c553a665c7d64
Consulting Professors,Saylor Academy,Remote,https://www.indeed.com/viewjob?jk=edb0eb6a7ba31772
Senior Full Stack Engineer for Awesome Company [Remote],Parlish,United States,https://www.indeed.com/viewjob?jk=5f5a6a9f00f81eb8
Software Developer Intern - Python/Java,Experian,"San Diego, CA",https://www.indeed.com/viewjob?jk=2c05c4d8f7035d29
Data Technician (Full- or Part-Time),Thasos Group,"New York, NY",https://www.indeed.com/viewjob?jk=da727c0cddda240e
Python/SQL Developer,IDM People,"Township of Hamilton, NJ",https://www.indeed.com/viewjob?jk=967a405ee33c49d4
ETL Developer,"The Green Technology Group, LLC",United States,https://www.indeed.com/viewjob?jk=d6d319c0a27a2fb8
Site Reliability Engineer - Finanicals (Remote),Kuali,"Lehi, UT",https://www.indeed.com/viewjob?jk=8fd4b2d872155ce7
Python developer,Ace-stack LLC,"Houston, TX",https://www.indeed.com/viewjob?jk=0c34c27b60a5c923
Senior Level Python Developer,Naka Technologies,"New York, NY",https://www.indeed.com/viewjob?jk=bfa41cad10426505
Python & Infrastructure Developer,Phrasee,Remote,https://www.indeed.com/viewjob?jk=c24cd253a1ca330e
Internship Opportunities for Students: Data & Applied Sciences,Microsoft,"Redmond, WA",https://www.indeed.com/viewjob?jk=9620688add68f90b
Survey Data Analyst,Change Research,Remote,https://www.indeed.com/viewjob?jk=cafc44e9f9a4ce47
Content Creator,LeetCode,Remote,https://www.indeed.com/viewjob?jk=e94af63cb41ad9b5
Python developer,VAUXOO,"Colima, GA",https://www.indeed.com/viewjob?jk=f7669fcbd77ecd11
Junior Quant,Dexterity Capital,Remote,https://www.indeed.com/viewjob?jk=e1a750ccc83bd177
Test Drive Developer (Contractor),Nutanix,United States,https://www.indeed.com/viewjob?jk=32b02a3193a4a83c
Data Science Intern,Metropolitan Area Planning Council,"Boston, MA",https://www.indeed.com/viewjob?jk=d6cf8ab98b5bbbd0
Entry Level Software Client Facing Technical Support Professional:2021,IBM,United States,https://www.indeed.com/viewjob?jk=f3471b8afca198ed
Senior Python Developer,OMBU,"Portland, OR",https://www.indeed.com/viewjob?jk=d13b06d1113de40c
Python Developer Position with Healthcare Company,Recruiting for Good,"Irvine, CA",https://www.indeed.com/viewjob?jk=eb83437034145161
Laser Material Processing - Postdoctoral Researcher,Lawrence Livermore National Laboratory,"Livermore, CA",https://www.indeed.com/viewjob?jk=2aed1d46a63c238b
Data Scientist Intern - Fall 2020 - Amrock,Amrock,"Detroit, MI",https://www.indeed.com/viewjob?jk=ac37fff2afc8c285
Developer - Python Django,Energy Sense Finance,"Tampa, FL",https://www.indeed.com/viewjob?jk=213f60ab30d8eece
Junior Polling Analyst,Change Research,Remote,https://www.indeed.com/viewjob?jk=d43baee7c66f720a
DevOps Engineers,StackOverdrive.io,"New York, NY",https://www.indeed.com/viewjob?jk=3d871d2e069b404f
Software Developer - Remote,Piper Companies,Remote,https://www.indeed.com/viewjob?jk=2a0780aff61f2fcc
Senior Software Engineer (Python)- Remote,VitalSource,"Raleigh, NC",https://www.indeed.com/viewjob?jk=0950bb42e6062177
Undergrad Summer Internship,Gap Inc.,"San Francisco, CA",https://www.indeed.com/viewjob?jk=be48360db3b6ee4a
"Contract Tech Writer, software developer doc; $50/hr W2, flex-time, 100% remote.",Synergistech,United States,https://www.indeed.com/viewjob?jk=e5eea03ecaf26a9f
"Data Engineer - Python, Databricks & Azure (Remote/Contract)",Logic20/20,"Seattle, WA",https://www.indeed.com/viewjob?jk=78dc710a26178b00
"Software Engineer, FICC Options (Python)",DRW,"Chicago, IL",https://www.indeed.com/viewjob?jk=6fcd160aaef8139f
"Associate Product Manager, University Graduate 2021",Google,"Mountain View, CA",https://www.indeed.com/viewjob?jk=02adc5f4c0f50e83
Full Time Opportunities for PhD Students or Recent Graduates: Data & Applied Sciences,Microsoft,"Redmond, WA",https://www.indeed.com/viewjob?jk=97ba8c5ac004f4e4
Python Developer,Cognizant Technology Solutions,"Parsippany, NJ",https://www.indeed.com/viewjob?jk=b616805d120bf3b3
Software or Machine Learning Engineer - Entry Level,Apple,"Santa Clara Valley, CA",https://www.indeed.com/viewjob?jk=0a15fa886dca0fd8
DevOps Engineer,Saransh,"Post, OR",https://www.indeed.com/viewjob?jk=1a09fe13d8963fea
Junior Data Engineer,Fusion Technical Solutions,"Woonsocket, RI",https://www.indeed.com/viewjob?jk=70c29851252d93f4
Software Engineer,Piper Companies,Remote,https://www.indeed.com/viewjob?jk=284fb4bd9a0340a7
Predictive & Prescriptive Analytics Entry-Level Opportunities,Verizon,"Boston, MA",https://www.indeed.com/viewjob?jk=7c94e0253d6fbf4e
Python Developer,"Artemis Consulting, Inc.","Houston, TX",https://www.indeed.com/viewjob?jk=3617f9e665ae63ed
Intern - Claims Process Management and Analytics Intern,State Farm,"Bloomington, IL",https://www.indeed.com/viewjob?jk=404e77815de44f4f
Analytics Engineer,Convo Communications LLC,Remote,https://www.indeed.com/viewjob?jk=b8fb5d4c5550536c
Federal - Entry Level Java Developer Associate,Accenture,"San Antonio, TX",https://www.indeed.com/viewjob?jk=4a38e12fba0239a4
Python-Developers,Celandyne Software Solutions,"Santa Clara, CA",https://www.indeed.com/viewjob?jk=e004e922fdd74fe6
Masters Summer Internship,Gap Inc.,"San Francisco, CA",https://www.indeed.com/viewjob?jk=780334c1405f0feb
Director Customer Analytics & Insights,L'Oreal,United States,https://www.indeed.com/viewjob?jk=d4ff74e37f410c6f
PYTHON DEVELOPER - DJANGO/FLASK,SpanIdea Systems,"Milpitas, CA",https://www.indeed.com/viewjob?jk=2b7f94540280497a
Bioinformatics Scientist (contractor),Fusion Technical Solutions,"San Jose, CA",https://www.indeed.com/viewjob?jk=32502131faef608c
Junior Data Scientist,MassMutual,"Amherst, MA",https://www.indeed.com/viewjob?jk=2c67afdcad57b155
Full Time Opportunities for Students or Recent Graduates: Data & Applied Sciences,Microsoft,"Redmond, WA",https://www.indeed.com/viewjob?jk=1f0040be0579af5e
"Data Engg Developers ( PYTHON, SQL)",Ace-stack LLC,California,https://www.indeed.com/viewjob?jk=3aa969679f3b47e6
Robotics Engineer,Squishy Robotics,"Berkeley, CA",https://www.indeed.com/viewjob?jk=ea07f9f6094f916a
Software Engineer (Python/Perl),ESAC Inc,"Rockville, MD",https://www.indeed.com/viewjob?jk=90bf91ede37e6d42
Data Analyst,Big Health,United States,https://www.indeed.com/viewjob?jk=c5ea786917f6fe07
Python Developer,eClerx LLC,"New York, NY",https://www.indeed.com/viewjob?jk=72d76b74155f0020
Software Engineer,Dimagi,Massachusetts,https://www.indeed.com/viewjob?jk=15961f0556a3ad64
Python/Spark Developer,HALVIK,"Vienna, VA",https://www.indeed.com/viewjob?jk=037ba4fadcfd1138
Support,RStudio,United States,https://www.indeed.com/viewjob?jk=2c26339484d5141f
VFX COMPOSITOR,CoSA VFX,"Los Angeles, CA",https://www.indeed.com/viewjob?jk=44203019781f10c3
SRE,Piper Companies,Remote,https://www.indeed.com/viewjob?jk=5c0ddc823e74fbfb
Developer IV - Python/Java,ACS Group,"Reston, VA",https://www.indeed.com/viewjob?jk=1d597dbcdbaad573
DevOps Engineer I : 20-02401,Akraya Inc.,"Lehi, UT",https://www.indeed.com/viewjob?jk=df93dd6eb5d31819
Software Developer PT - WebCrawler/Python/MySQL Open source,Essentia LLC,"Dodgeville, WI",https://www.indeed.com/viewjob?jk=cc5597e15d7d4fae
Regional Planning and GIS Intern,Metropolitan Area Planning Council,"Boston, MA",https://www.indeed.com/viewjob?jk=ead871bb79bb5096
Python Developer,Tech Pundits,"Philadelphia, PA",https://www.indeed.com/viewjob?jk=7a93e09be795ac6b
Data Engineer,Centric Consulting,"Indianapolis, IN",https://www.indeed.com/viewjob?jk=ca9ee89a7ef5d11e
Python Developer,Haneke Design,"Tampa, FL",https://www.indeed.com/viewjob?jk=542b21736b6bca61
Junior Software Developer (College Graduates),Old Mission Capital,"Chicago, IL",https://www.indeed.com/viewjob?jk=0e3328803426dc02
Data Center Technician,"Amazon Data Services, Inc.","Sterling, VA",https://www.indeed.com/viewjob?jk=85b973f1667adf95
Backend Software Engineer (Python/Django),ixlayer,Remote,https://www.indeed.com/viewjob?jk=72b5bc8e21a7b513
Senior Software Engineer,Change Research,Remote,https://www.indeed.com/viewjob?jk=2895d1daae7a2368
Python Developer (Fullstack),Konviere Corporation,"Leawood, KS",https://www.indeed.com/viewjob?jk=213ef23aef1e09fd
"Software Engineer, FICC Options (Python)",DRW Trading Group,"Chicago, IL",https://www.indeed.com/viewjob?jk=201e97f9d476577a
PYTHON SOFTWARE ENGINEER-DEEP LEARNING,InspiHER Tech,United States,https://www.indeed.com/viewjob?jk=3dd6c509667887e7
PL/SQL Developer,TanPro ITCorp,"Minneapolis, MN",https://www.indeed.com/viewjob?jk=7e65aba69f0fd785
